Artist,Track,Album,Cover,MP3
"10 O Clock Hourses","My World","Saggy Pants Compilation II","https://glynnquelch.co.uk/wp-content/uploads/2026/01/cover_front1-1-copy-r-1024x1024.png","https://glynnquelch.co.uk/wp-content/uploads/2026/01/D1-10-10-O-Clock-Hourses-My-World.mp3"
"3 Ring Circus","Live Without","Junktion 7 BOTB 2004 Compilation","","https://glynnquelch.co.uk/wp-content/uploads/2026/01/Live-Without.mp3"
"7stone","High As Earth","","https://glynnquelch.co.uk/wp-content/uploads/2006/12/7stone_gun.jpg","https://glynnquelch.co.uk/wp-content/uploads/2026/01/audio-7stone-high-as-earth.mp3"
"Alcohol","T N A","","https://glynnquelch.co.uk/wp-content/uploads/2026/01/cd-alcohol-alone-00.jpg","https://glynnquelch.co.uk/wp-content/uploads/2026/01/audio-alcohol-t-n-a.mp3"
"Alice Rock","Dot Com Women","","https://glynnquelch.co.uk/wp-content/uploads/2026/01/bio-alice_rock-01.jpg","https://glynnquelch.co.uk/wp-content/uploads/2026/01/audio-alice_rock-dot-com-women.mp3"
"Alice Rock","Kissing In A Camper Van","","https://glynnquelch.co.uk/wp-content/uploads/2026/01/bio-alice_rock-01.jpg","https://glynnquelch.co.uk/wp-content/uploads/2026/01/audio-alice_rock-kissing-in-a-camper-van.mp3"
"Apheima","All For You","Saggy Pants Compilation II","https://glynnquelch.co.uk/wp-content/uploads/2026/01/cover_front1-1-copy-r-1024x1024.png","https://glynnquelch.co.uk/wp-content/uploads/2026/01/D1-06-Apheima-All-For-You.mp3"
"Aphemia","All For You","","https://glynnquelch.co.uk/wp-content/uploads/2006/12/aphemia-safty_in_numbers_cover.jpg","https://glynnquelch.co.uk/wp-content/uploads/2006/12/02-All-For-You.mp3"
"Aphemia","Safety In Numbers","","https://glynnquelch.co.uk/wp-content/uploads/2006/12/aphemia-safty_in_numbers_cover.jpg","https://glynnquelch.co.uk/wp-content/uploads/2006/12/01-Safety-In-Numbers.mp3"
"Aphemia","The Forgotten","","https://glynnquelch.co.uk/wp-content/uploads/2006/12/aphemia-safty_in_numbers_cover.jpg","https://glynnquelch.co.uk/wp-content/uploads/2006/12/04-The-Forgotten.mp3"
"Aphemia","You Would","","https://glynnquelch.co.uk/wp-content/uploads/2006/12/aphemia-safty_in_numbers_cover.jpg","https://glynnquelch.co.uk/wp-content/uploads/2006/12/03-You-World.mp3"
"Ashborn","Motherland","","","https://glynnquelch.co.uk/wp-content/uploads/2026/01/Motherland.mp3"
"Ashborn","Rasina","","","https://glynnquelch.co.uk/wp-content/uploads/2026/01/Rasina.mp3"
"awken by moonlight","Evisceration","Saggy Pants Compilation II","https://glynnquelch.co.uk/wp-content/uploads/2026/01/cover_front1-1-copy-r-1024x1024.png","https://glynnquelch.co.uk/wp-content/uploads/2026/01/D2-06-awken-by-moonlight-evisceration.mp3"
"Ax Minster Scotchguard & The Numskulls","Yes Car Credit","","","https://glynnquelch.co.uk/wp-content/uploads/2026/01/Axminster_Scotchguard_and_the_Numskulls-Yes_Car_Credit.mp3"
"Balance Of Silence","Path-of-fate","","https://glynnquelch.co.uk/wp-content/uploads/2026/01/bos-pathoffate-300x300.jpg","https://glynnquelch.co.uk/wp-content/uploads/2026/01/Path-Of-Fate.mp3"
"Bazooka Joe","Beef","Junktion 7 BOTB 2004 Compilation","","https://glynnquelch.co.uk/wp-content/uploads/2026/01/Beef.mp3"
"Black Vinyl Heart","Santa Maria","Saggy Pants Compilation II","https://glynnquelch.co.uk/wp-content/uploads/2026/01/cover_front1-1-copy-r-1024x1024.png","https://glynnquelch.co.uk/wp-content/uploads/2026/01/D2-15-Black-Vinyl-Heart-Santa-Maria.mp3"
"Blance Of Silence","Separare Yourself","Junktion 7 BOTB 2004 Compilation","","https://glynnquelch.co.uk/wp-content/uploads/2026/01/Separare-Yourself.mp3"
"Bud","Chitty Chitty","","","https://glynnquelch.co.uk/wp-content/uploads/2026/01/budchittychitty.mp3"
"Bud","Too Late","","","https://glynnquelch.co.uk/wp-content/uploads/2026/01/budtoolate.mp3"
"Bud","Too Late","Junktion 7 BOTB 2004 Compilation","","https://glynnquelch.co.uk/wp-content/uploads/2026/01/Too-Late.mp3"
"Bud","Woodpecker","","","https://glynnquelch.co.uk/wp-content/uploads/2026/01/budwoodpecker.mp3"
"Call Me Jack","Do You Ever Wonder","Junktion 7 BOTB 2004 Compilation","","https://glynnquelch.co.uk/wp-content/uploads/2026/01/Do-You-ever-Wonder.mp3"
"Callaghan","Whisper","Junktion 7 BOTB 2004 Compilation","","https://glynnquelch.co.uk/wp-content/uploads/2026/01/Whisper.mp3"
"Callous","01-decay","","https://glynnquelch.co.uk/wp-content/uploads/2004/01/callousinprogress.jpg","https://glynnquelch.co.uk/wp-content/uploads/2004/01/01-Decay.mp3"
"Callous","Decay (in Progress Ep)","","https://glynnquelch.co.uk/wp-content/uploads/2004/01/callousinprogress.jpg","https://glynnquelch.co.uk/wp-content/uploads/2004/01/02-Reflections.mp3"
"Callous","Just Me (acoustic)","","https://glynnquelch.co.uk/wp-content/uploads/2004/01/callousinprogress.jpg","https://glynnquelch.co.uk/wp-content/uploads/2004/01/callous-just_me_acoustic.mp3"
"Callous","Led Astray (acoustic)","","https://glynnquelch.co.uk/wp-content/uploads/2004/01/callousinprogress.jpg","https://glynnquelch.co.uk/wp-content/uploads/2004/01/callous-led_astray_acoustic.mp3"
"Callous","Led Astray (in Progress Ep)","","https://glynnquelch.co.uk/wp-content/uploads/2004/01/callousinprogress.jpg","https://glynnquelch.co.uk/wp-content/uploads/2004/01/04-Just-Me.mp3"
"Callous","Point Of No Return (live)","","https://glynnquelch.co.uk/wp-content/uploads/2004/01/callousinprogress.jpg","https://glynnquelch.co.uk/wp-content/uploads/2026/01/callous_-_point_of_no_returnlive.mp3"
"Callous","Reflections (in Progress Ep)","","https://glynnquelch.co.uk/wp-content/uploads/2004/01/callousinprogress.jpg","https://glynnquelch.co.uk/wp-content/uploads/2004/01/03-Reflections.mp3"
"Cerebral Vacation","Back Around","","https://glynnquelch.co.uk/wp-content/uploads/2026/01/audio-cerebral_vacation-00.jpg","https://glynnquelch.co.uk/wp-content/uploads/2026/01/audio-cerebral_vacation-back-around.mp3"
"Circle The City","The Idiot","","https://glynnquelch.co.uk/wp-content/uploads/2026/01/audio-circle_the_city-00-300x292.jpg","https://glynnquelch.co.uk/wp-content/uploads/2026/01/audio-circle_the_city-the-idiot.mp3"
"Circle The City","Ugly On The Inside","","https://glynnquelch.co.uk/wp-content/uploads/2026/01/audio-circle_the_city-00-300x292.jpg","https://glynnquelch.co.uk/wp-content/uploads/2026/01/audio-circle_the_city-ugly-on-the-inside.mp3"
"Circles Down","15 Minuets","","","https://glynnquelch.co.uk/wp-content/uploads/2026/01/15minutes.mp3"
"Cyphers Dawn","Intrude And Disturb","","","https://glynnquelch.co.uk/wp-content/uploads/2026/01/intrudeanddisturb-fixed.mp3"
"Cyphers Dawn","Life Belt","","","https://glynnquelch.co.uk/wp-content/uploads/2026/01/lifebelt.mp3"
"Cyphers Dawn","Waiting For Zion","","","https://glynnquelch.co.uk/wp-content/uploads/2026/01/waitingforzion.mp3"
"Day Break","Daybreak-hopehasdied","","https://glynnquelch.co.uk/wp-content/uploads/2026/01/daybreak-hopehasdied.jpg","https://glynnquelch.co.uk/wp-content/uploads/2026/01/daybreak-hopehasdied.mp3"
"Dead City Presidents","Mother Of All Eart","Saggy Pants Compilation II","https://glynnquelch.co.uk/wp-content/uploads/2026/01/cover_front1-1-copy-r-1024x1024.png","https://glynnquelch.co.uk/wp-content/uploads/2026/01/D2-17-Dead-City-Presidents-Mother-Of-All-Eart.mp3"
"Dead Souls","Leeches","","https://glynnquelch.co.uk/wp-content/uploads/2006/12/dead_souls-leeches_cover-1.jpg","https://glynnquelch.co.uk/wp-content/uploads/2026/01/audio-dead_souls-leeches.mp3"
"Deadfall","Hold My Own","","","https://glynnquelch.co.uk/wp-content/uploads/2026/01/audio-deadfall-hold-my-own.mp3"
"Deadfall","Ordeal By Fire","","","https://glynnquelch.co.uk/wp-content/uploads/2026/01/audio-deadfall-ordeal-by-fire.mp3"
"deadfall","Resitsnce Is Fetile","Saggy Pants Compilation II","https://glynnquelch.co.uk/wp-content/uploads/2026/01/cover_front1-1-copy-r-1024x1024.png","https://glynnquelch.co.uk/wp-content/uploads/2026/01/D2-09-deadfall-resitsnce-is-fetile.mp3"
"Despondent","14 Straights","","https://glynnquelch.co.uk/wp-content/uploads/2026/01/bio-despondent-03.gif","https://glynnquelch.co.uk/wp-content/uploads/2026/01/audio-despondent-14-straights.mp3"
"Devourer","Two Faced","","","https://glynnquelch.co.uk/wp-content/uploads/2026/01/Two-faced.mp3"
"Dirty Kanvas","Jaqueline Jones","Saggy Pants Compilation II","https://glynnquelch.co.uk/wp-content/uploads/2026/01/cover_front1-1-copy-r-1024x1024.png","https://glynnquelch.co.uk/wp-content/uploads/2026/01/D1-17-Dirty-Kanvas-Jaqueline-Jones.mp3"
"Dragonflies Draw Flame","Minibeast Display","","https://glynnquelch.co.uk/wp-content/uploads/2026/01/audio-dragonflies_draw_flame-00.jpg","https://glynnquelch.co.uk/wp-content/uploads/2026/01/audio-dragonflies_draw_flame-minibeast-display.mp3"
"Duffus","Feeding-frenzy","","","https://glynnquelch.co.uk/wp-content/uploads/2026/01/Duffus-Feeding-Frenzy.mp3"
"Duffus","Runaway","","","https://glynnquelch.co.uk/wp-content/uploads/2026/01/Duffus-Runaway.mp3"
"Duffus","The-great-mistake","","","https://glynnquelch.co.uk/wp-content/uploads/2026/01/Duffus-The-Great-Mistake.mp3"
"el cielo","Blind Conviction","Saggy Pants Compilation II","https://glynnquelch.co.uk/wp-content/uploads/2026/01/cover_front1-1-copy-r-1024x1024.png","https://glynnquelch.co.uk/wp-content/uploads/2026/01/D2-07-el-cielo-blind-conviction.mp3"
"El Cielo","Change Of Might","","https://glynnquelch.co.uk/wp-content/uploads/2006/12/el_cielo-the_tree.gif","https://glynnquelch.co.uk/wp-content/uploads/2006/12/Change-Of-Might.mp3"
"El Cielo","Closure","","https://glynnquelch.co.uk/wp-content/uploads/2006/12/el_cielo-the_tree.gif","https://glynnquelch.co.uk/wp-content/uploads/2006/12/Closure.mp3"
"El Cielo","Deity","","https://glynnquelch.co.uk/wp-content/uploads/2006/12/el_cielo-the_tree.gif","https://glynnquelch.co.uk/wp-content/uploads/2006/12/Deity.mp3"
"El Cielo","Gwai-lo","","https://glynnquelch.co.uk/wp-content/uploads/2006/12/el_cielo-the_tree.gif","https://glynnquelch.co.uk/wp-content/uploads/2006/12/Gwai-Lo.mp3"
"El Cielo","Tears","","https://glynnquelch.co.uk/wp-content/uploads/2006/12/el_cielo-the_tree.gif","https://glynnquelch.co.uk/wp-content/uploads/2006/12/Tears.mp3"
"El Cielo","The Tree","","https://glynnquelch.co.uk/wp-content/uploads/2006/12/el_cielo-the_tree.gif","https://glynnquelch.co.uk/wp-content/uploads/2006/12/The-Tree.mp3"
"El Cielo","We Stand","","https://glynnquelch.co.uk/wp-content/uploads/2006/12/el_cielo-the_tree.gif","https://glynnquelch.co.uk/wp-content/uploads/2006/12/We-Stand.mp3"
"Elevator","In-too-deep","","","https://glynnquelch.co.uk/wp-content/uploads/2026/01/Elevator-In-Too-Deep.mp3"
"Elevator","Straight-foward","","","https://glynnquelch.co.uk/wp-content/uploads/2026/01/Elevator-Straight-Foward.mp3"
"Epoche","Ends Meat","","https://glynnquelch.co.uk/wp-content/uploads/2026/01/cd-epoche-lust_oddessa-00.jpg","https://glynnquelch.co.uk/wp-content/uploads/2026/01/audio-epoche-ends-meat.mp3"
"Epoche","Pearls And Lies","Saggy Pants Compilation II","https://glynnquelch.co.uk/wp-content/uploads/2026/01/cover_front1-1-copy-r-1024x1024.png","https://glynnquelch.co.uk/wp-content/uploads/2026/01/D1-02-Epoche-Pearls-And-Lies.mp3"
"Epoche","Space","","https://glynnquelch.co.uk/wp-content/uploads/2026/01/cd-epoche-lust_oddessa-00.jpg","https://glynnquelch.co.uk/wp-content/uploads/2026/01/audio-epoche-space.mp3"
"Epoche","Still Here","","https://glynnquelch.co.uk/wp-content/uploads/2026/01/cd-epoche-lust_oddessa-00.jpg","https://glynnquelch.co.uk/wp-content/uploads/2026/01/audio-epoche-still-here.mp3"
"Epoche","The Lust For The Odessa","","https://glynnquelch.co.uk/wp-content/uploads/2026/01/cd-epoche-lust_oddessa-00.jpg","https://glynnquelch.co.uk/wp-content/uploads/2026/01/audio-epoche-the-lust-for-the-odessa.mp3"
"Erebus","Swan","Junktion 7 BOTB 2004 Compilation","","https://glynnquelch.co.uk/wp-content/uploads/2026/01/Swan.mp3"
"Fat Lady Signh","Franz Umpah","Saggy Pants Compilation II","https://glynnquelch.co.uk/wp-content/uploads/2026/01/cover_front1-1-copy-r-1024x1024.png","https://glynnquelch.co.uk/wp-content/uploads/2026/01/D1-18-Fat-Lady-Signh-Franz-Umpah.mp3"
"Felicity Kicks","Circles","","","https://glynnquelch.co.uk/wp-content/uploads/2026/01/Circles.mp3"
"Felicity Kicks","Envy","","","https://glynnquelch.co.uk/wp-content/uploads/2026/01/Envy.mp3"
"Felicity Kicks","Half-life","","","https://glynnquelch.co.uk/wp-content/uploads/2026/01/Felicity-Kicks-Half-Life.mp3"
"Felicity Kicks","Half-life","","","https://glynnquelch.co.uk/wp-content/uploads/2026/01/Half-Life.mp3"
"Felicity Kicks","Spite","","","https://glynnquelch.co.uk/wp-content/uploads/2026/01/Spite.mp3"
"Fisk","Life Is Life","","","https://glynnquelch.co.uk/wp-content/uploads/2026/01/audio-fisk-life-is-life.mp3"
"Five Ash Down","16-year-summer","","","https://glynnquelch.co.uk/wp-content/uploads/2026/01/FiveAshDown-16-Year-Summer.mp3"
"Five Ash Down","Exactly","","","https://glynnquelch.co.uk/wp-content/uploads/2026/01/FiveAshDown-Exactly.mp3"
"Five Ash Down","Half-life","","","https://glynnquelch.co.uk/wp-content/uploads/2026/01/Felicity-Kicks-Half-Life-1.mp3"
"Five Ash Down","Here-we-go-again","","","https://glynnquelch.co.uk/wp-content/uploads/2026/01/FiveAshDown-Here-We-Go-Again.mp3"
"Five Ash Down","Just-add-colour","","","https://glynnquelch.co.uk/wp-content/uploads/2026/01/FiveAshDown-Just-Add-Color.mp3"
"Five Ash Down","Moments","","","https://glynnquelch.co.uk/wp-content/uploads/2026/01/FiveAshDown-Moments.mp3"
"Five Ash Down","Not-what-i-wanted","","","https://glynnquelch.co.uk/wp-content/uploads/2026/01/FiveAshDown-Not-What-I-Wanted.mp3"
"Five Ash Down","Third-time-lucky","","","https://glynnquelch.co.uk/wp-content/uploads/2026/01/FiveAshDown-Third-Time-Lucky.mp3"
"FiveAshDown","Moments (819)","Junktion 7 BOTB 2004 Compilation","","https://glynnquelch.co.uk/wp-content/uploads/2026/01/Moments819.mp3"
"foncheros","Dont Throw Stones","Saggy Pants Compilation II","https://glynnquelch.co.uk/wp-content/uploads/2026/01/cover_front1-1-copy-r-1024x1024.png","https://glynnquelch.co.uk/wp-content/uploads/2026/01/D2-14-foncheros-dont-throw-stones.mp3"
"Funkensteins Monster","Bucketeer","","","https://glynnquelch.co.uk/wp-content/uploads/2026/01/Funkensteins-Monster-Bucketeer.mp3"
"Funkensteins Monster","Rollin-on-good-times","","","https://glynnquelch.co.uk/wp-content/uploads/2026/01/Funkensteins-Monster-Rollin-On-Good-Times.mp3"
"Glasshour","Plotting The Course","Junktion 7 BOTB 2004 Compilation","","https://glynnquelch.co.uk/wp-content/uploads/2026/01/Plotting-The-Course.mp3"
"Grain","Big Green Dirty Hands","","https://glynnquelch.co.uk/wp-content/uploads/2026/01/cd-grain-fearonallfours-00.jpg","https://glynnquelch.co.uk/wp-content/uploads/2006/12/Big-Green-Dirty-Hands-1.mp3"
"Grain","Choke On The Leaf","Saggy Pants Compilation II","https://glynnquelch.co.uk/wp-content/uploads/2026/01/cover_front1-1-copy-r-1024x1024.png","https://glynnquelch.co.uk/wp-content/uploads/2026/01/D1-08-Grain-Choke-on-the-leaf.mp3"
"Grain","Easy","","https://glynnquelch.co.uk/wp-content/uploads/2026/01/cd-grain-fearonallfours-00.jpg","https://glynnquelch.co.uk/wp-content/uploads/2006/12/Easy.mp3"
"Grain","Horse","","https://glynnquelch.co.uk/wp-content/uploads/2026/01/cd-grain-fearonallfours-00.jpg","https://glynnquelch.co.uk/wp-content/uploads/2006/12/Horse.mp3"
"Grain","Pass The Grain","","https://glynnquelch.co.uk/wp-content/uploads/2026/01/cd-grain-fearonallfours-00.jpg","https://glynnquelch.co.uk/wp-content/uploads/2006/12/PassTheGrain.mp3"
"Grain","You Dont Instigate Asking","","https://glynnquelch.co.uk/wp-content/uploads/2026/01/cd-grain-fearonallfours-00.jpg","https://glynnquelch.co.uk/wp-content/uploads/2006/12/DontInstigate.mp3"
"Hellset Orchestra","Judas","","","https://glynnquelch.co.uk/wp-content/uploads/2026/01/Hellset-Judas.mp3"
"Hellset Orchestra","Lab","","","https://glynnquelch.co.uk/wp-content/uploads/2026/01/Hellset-Lab.mp3"
"Hellset Orchestra","Vulture","","","https://glynnquelch.co.uk/wp-content/uploads/2026/01/Hellset-Vulture.mp3"
"henry road","Jeff Lynne Is Five","Saggy Pants Compilation II","https://glynnquelch.co.uk/wp-content/uploads/2026/01/cover_front1-1-copy-r-1024x1024.png","https://glynnquelch.co.uk/wp-content/uploads/2026/01/D2-13-henry-road-jeff-lynne-is-five.mp3"
"Heroic Trio","Sugarbeet","Junktion 7 BOTB 2004 Compilation","","https://glynnquelch.co.uk/wp-content/uploads/2026/01/Sugarbeet.mp3"
"Hinterland","Dirty Hands","","https://glynnquelch.co.uk/wp-content/uploads/2026/01/interview-hinterland-interview-00.gif","https://glynnquelch.co.uk/wp-content/uploads/2006/12/Big-Green-Dirty-Hands.mp3"
"Hinterland","Got A New Drug","Saggy Pants Compilation II","https://glynnquelch.co.uk/wp-content/uploads/2026/01/cover_front1-1-copy-r-1024x1024.png","https://glynnquelch.co.uk/wp-content/uploads/2026/01/D1-12-Hinterland-Got-A-New-Drug.mp3"
"Hinterland","On & On (new Mix)","","https://glynnquelch.co.uk/wp-content/uploads/2026/01/interview-hinterland-interview-00.gif","https://glynnquelch.co.uk/wp-content/uploads/2006/12/On-On-New-Mix.mp3"
"Hinterland","On And On","Junktion 7 BOTB 2004 Compilation","","https://glynnquelch.co.uk/wp-content/uploads/2026/01/On-And-On.mp3"
"Hinterland","Where The Comedian","","https://glynnquelch.co.uk/wp-content/uploads/2026/01/interview-hinterland-interview-00.gif","https://glynnquelch.co.uk/wp-content/uploads/2006/12/Wheres-The-Comedian.mp3"
"Hoof Bite","Empty Word","","","https://glynnquelch.co.uk/wp-content/uploads/2026/01/audio-hoof_bite-empty-word.mp3"
"hordes of satan","Pacifist Different Intro","Saggy Pants Compilation II","https://glynnquelch.co.uk/wp-content/uploads/2026/01/cover_front1-1-copy-r-1024x1024.png","https://glynnquelch.co.uk/wp-content/uploads/2026/01/D2-01-hordes-of-satan-PACIFIST-different-intro.mp3"
"I Decay","Intitate","","","https://glynnquelch.co.uk/wp-content/uploads/2026/01/audio-i_decay-intitate.mp3"
"Illuminatus","Emotion Sickness","","","https://glynnquelch.co.uk/wp-content/uploads/2006/12/emotion_sickness.mp3"
"Illuminatus","Suburban Symmetry","","","https://glynnquelch.co.uk/wp-content/uploads/2026/01/audio-illuminatus-suburban-symmetry.mp3"
"Illuminatus","Wargasm Acoustic","","","https://glynnquelch.co.uk/wp-content/uploads/2006/12/wargasm_acoustic.mp3"
"Jacks the Man","40 Hour Week","","","https://glynnquelch.co.uk/wp-content/uploads/2026/01/40-Hour-Weak.mp3"
"Jacks the Man","Evil-tv","","","https://glynnquelch.co.uk/wp-content/uploads/2026/01/Evil-TV.mp3"
"Jacks the Man","Mobius-strip","","","https://glynnquelch.co.uk/wp-content/uploads/2026/01/Mobius-Strip.mp3"
"Jacks the Man","Rooperto Redro The Gangster Muther Fooker","","","https://glynnquelch.co.uk/wp-content/uploads/2026/01/rooperto-pedro-the-gangster-muther-fooker.mp3"
"Jimmy The Squirrel","Fall In Line","","https://glynnquelch.co.uk/wp-content/uploads/2006/12/jimmythesquirrelcover.gif","https://glynnquelch.co.uk/wp-content/uploads/2026/01/audio-jimmy_the_squirrel-fall-in-line.mp3"
"jimmy the squirrel","Planning For Emergency","Saggy Pants Compilation II","https://glynnquelch.co.uk/wp-content/uploads/2026/01/cover_front1-1-copy-r-1024x1024.png","https://glynnquelch.co.uk/wp-content/uploads/2026/01/D2-02-jimm-the-squ-Planning-for-emergency.mp3"
"Jonny No Stars","D I Y","","https://glynnquelch.co.uk/wp-content/uploads/2026/01/audio-jonny_no_stars-00-300x300.jpg","https://glynnquelch.co.uk/wp-content/uploads/2026/01/audio-jonny_no_stars-d-i-y.mp3"
"Kingsize","Searching","Saggy Pants Compilation II","https://glynnquelch.co.uk/wp-content/uploads/2026/01/cover_front1-1-copy-r-1024x1024.png","https://glynnquelch.co.uk/wp-content/uploads/2026/01/D2-03-Kingsize-searching.mp3"
"Kingsize Operator","Deep-down","","","https://glynnquelch.co.uk/wp-content/uploads/2026/01/Deep-Down.mp3"
"Kingsize Operator","Guarantee","","","https://glynnquelch.co.uk/wp-content/uploads/2026/01/Guarantee.mp3"
"Kingsize Operator","Insecure","","","https://glynnquelch.co.uk/wp-content/uploads/2026/01/Insecure.mp3"
"Kingsize Operator","Searching","Junktion 7 BOTB 2004 Compilation","","https://glynnquelch.co.uk/wp-content/uploads/2026/01/Searching.mp3"
"Kuato","You Should Know","Saggy Pants Compilation II","https://glynnquelch.co.uk/wp-content/uploads/2026/01/cover_front1-1-copy-r-1024x1024.png","https://glynnquelch.co.uk/wp-content/uploads/2026/01/D1-16-Kuato-YOu-Should-Know.mp3"
"Lo Ego","Suffered A Loss","Saggy Pants Compilation II","https://glynnquelch.co.uk/wp-content/uploads/2026/01/cover_front1-1-copy-r-1024x1024.png","https://glynnquelch.co.uk/wp-content/uploads/2026/01/D2-10-Lo-Ego-Suffered-a-loss.mp3"
"long drop","Romance Is Red","Saggy Pants Compilation II","https://glynnquelch.co.uk/wp-content/uploads/2026/01/cover_front1-1-copy-r-1024x1024.png","https://glynnquelch.co.uk/wp-content/uploads/2026/01/D2-12-long-drop-Romance-is-Red.mp3"
"Love Ends Disaster","Fort Washington","Saggy Pants Compilation II","https://glynnquelch.co.uk/wp-content/uploads/2026/01/cover_front1-1-copy-r-1024x1024.png","https://glynnquelch.co.uk/wp-content/uploads/2026/01/D2-18-Love-Ends-Disaster-Fort-Washington.mp3"
"Lucky Bullet","Friends In High Places","","","https://glynnquelch.co.uk/wp-content/uploads/2026/01/Friends-In-High-Places.mp3"
"Lucky Bullet","How The West Was Won","","","https://glynnquelch.co.uk/wp-content/uploads/2026/01/How-The-West-Was-Won.mp3"
"Lucky Bullet","Infinite Sunshine","","","https://glynnquelch.co.uk/wp-content/uploads/2026/01/Infinite-Sunshine.mp3"
"Lucky Bullet","Lucky Bullet","","","https://glynnquelch.co.uk/wp-content/uploads/2026/01/Lucky-Bullet.mp3"
"Lucky Bullet","Never The Less","","","https://glynnquelch.co.uk/wp-content/uploads/2026/01/Never-The-Less.mp3"
"Lucky Bullet","This Is Love","","","https://glynnquelch.co.uk/wp-content/uploads/2026/01/This-Is-Love.mp3"
"Mame","Imaginaton (knows No Reality)","Junktion 7 BOTB 2004 Compilation","","https://glynnquelch.co.uk/wp-content/uploads/2026/01/ImaginatonKnows-No-Reality.mp3"
"Manichae","Devil Within","","https://glynnquelch.co.uk/wp-content/uploads/2006/12/manichae-close_your_eyes_cover.jpg","https://glynnquelch.co.uk/wp-content/uploads/2026/01/audio-manichae-devil-within.mp3"
"Manichae","Follow","","https://glynnquelch.co.uk/wp-content/uploads/2006/12/manichae-close_your_eyes_cover.jpg","https://glynnquelch.co.uk/wp-content/uploads/2006/12/follow.mp3"
"ManPlayingKazoo","(unknown)","Junktion 7 BOTB 2004 Compilation","","https://glynnquelch.co.uk/wp-content/uploads/2026/01/Unknown.mp3"
"Manplayingkazoo","Amateur-dramatics","","https://glynnquelch.co.uk/wp-content/uploads/2006/12/mpk-blackwhite.jpg","https://glynnquelch.co.uk/wp-content/uploads/2006/12/Amateur-Dramatics.mp3"
"Manplayingkazoo","Black & White","","https://glynnquelch.co.uk/wp-content/uploads/2006/12/mpk-blackwhite.jpg","https://glynnquelch.co.uk/wp-content/uploads/2006/12/BlackWhite.mp3"
"Manplayingkazoo","Packed","","https://glynnquelch.co.uk/wp-content/uploads/2006/12/mpk-blackwhite.jpg","https://glynnquelch.co.uk/wp-content/uploads/2026/01/audio-manplayingkazoo-packed.mp3"
"Mawda","Being Cool","","","https://glynnquelch.co.uk/wp-content/uploads/2026/01/Being-Cool.mp3"
"Mawda","Blood Lips/li>","","","https://glynnquelch.co.uk/wp-content/uploads/2026/01/Blood-Lips.mp3"
"Mawda","Chicken","","","https://glynnquelch.co.uk/wp-content/uploads/2026/01/Chicken.mp3"
"Mawda","Green Button","","","https://glynnquelch.co.uk/wp-content/uploads/2026/01/Green-Button.mp3"
"Mawda","Kingakool","","","https://glynnquelch.co.uk/wp-content/uploads/2026/01/Kingakool.mp3"
"Mawda","Mind Spaghetti","","","https://glynnquelch.co.uk/wp-content/uploads/2026/01/Mind-Spaghetti.mp3"
"Mawda","Someday Everyday","","","https://glynnquelch.co.uk/wp-content/uploads/2026/01/Someday-Everyday.mp3"
"Mindless Raskel","Heartburn","","","https://glynnquelch.co.uk/wp-content/uploads/2026/01/HeartBurn.mp3"
"Moth","Anodyne","","https://glynnquelch.co.uk/wp-content/uploads/2026/01/Moth-To-The-Flame.jpg","https://glynnquelch.co.uk/wp-content/uploads/2026/01/Anodyne.mp3"
"Moth","Bold Incision","","https://glynnquelch.co.uk/wp-content/uploads/2026/01/Moth-To-The-Flame.jpg","https://glynnquelch.co.uk/wp-content/uploads/2026/01/Bold-Incision.mp3"
"Moth","Bold Incision(dna Remix)","","https://glynnquelch.co.uk/wp-content/uploads/2026/01/Moth-To-The-Flame.jpg","https://glynnquelch.co.uk/wp-content/uploads/2026/01/Bold-IncisiondNa-Remix.mp3"
"Moth","Would It Matter","","https://glynnquelch.co.uk/wp-content/uploads/2026/01/Moth-To-The-Flame.jpg","https://glynnquelch.co.uk/wp-content/uploads/2026/01/Would-It-Matter.mp3"
"New Generation superstars","Come Over","Saggy Pants Compilation II","https://glynnquelch.co.uk/wp-content/uploads/2026/01/cover_front1-1-copy-r-1024x1024.png","https://glynnquelch.co.uk/wp-content/uploads/2026/01/D2-11-New-Gen-Come-Over.mp3"
"New Generation Superstars","Done Before","Junktion 7 BOTB 2004 Compilation","","https://glynnquelch.co.uk/wp-content/uploads/2026/01/Done-Before.mp3"
"No Existance","Black Eye","Junktion 7 BOTB 2004 Compilation","","https://glynnquelch.co.uk/wp-content/uploads/2026/01/Black-Eye.mp3"
"Old Basford","Cruel Love","","https://glynnquelch.co.uk/wp-content/uploads/2006/12/oldbaseford.jpg","https://glynnquelch.co.uk/wp-content/uploads/2006/12/cruellove.mp3"
"Old Basford","Food In The Fields","","https://glynnquelch.co.uk/wp-content/uploads/2006/12/oldbaseford.jpg","https://glynnquelch.co.uk/wp-content/uploads/2026/01/audio-old_basford-food-in-the-fields.mp3"
"Old Basford","Right Now","","https://glynnquelch.co.uk/wp-content/uploads/2006/12/oldbaseford.jpg","https://glynnquelch.co.uk/wp-content/uploads/2006/12/right-now.mp3"
"Ordo Ab Chao","Do Your Homework","","","https://glynnquelch.co.uk/wp-content/uploads/2026/01/ord_ab_chao_-_do_your_homework.mp3"
"Ordo Ab Chao","Withdraw The Players","","","https://glynnquelch.co.uk/wp-content/uploads/2026/01/ord_ab_chao_-_withdraw_the_players.mp3"
"Our Last Confession","Stupid Endings","Saggy Pants Compilation II","https://glynnquelch.co.uk/wp-content/uploads/2026/01/cover_front1-1-copy-r-1024x1024.png","https://glynnquelch.co.uk/wp-content/uploads/2026/01/D2-04-Our-Last-Confession-Stupid-Endings.mp3"
"Paris in the spring","Spanish","","","https://glynnquelch.co.uk/wp-content/uploads/2026/01/Spanish.mp3"
"Patchwork Grace","Nancy","Saggy Pants Compilation II","https://glynnquelch.co.uk/wp-content/uploads/2026/01/cover_front1-1-copy-r-1024x1024.png","https://glynnquelch.co.uk/wp-content/uploads/2026/01/D1-03-Patchwork-Grace-Nancy.mp3"
"Pennyway","Anything","","","https://glynnquelch.co.uk/wp-content/uploads/2006/12/Pennyway-Anything.mp3"
"Pennyway","Falling Out With Love","","","https://glynnquelch.co.uk/wp-content/uploads/2026/01/audio-pennyway-falling-out-with-love.mp3"
"Pennyway","Warcry","","","https://glynnquelch.co.uk/wp-content/uploads/2006/12/Pennyway-Warcry.mp3"
"Petal","My Friend Susie","","","https://glynnquelch.co.uk/wp-content/uploads/2026/01/petal_-_my_friend_susie.mp3"
"Pressure","Anymore","Junktion 7 BOTB 2004 Compilation","","https://glynnquelch.co.uk/wp-content/uploads/2026/01/Anymore.mp3"
"Public Display Of Affection","Dirty Little Hands","Saggy Pants Compilation II","https://glynnquelch.co.uk/wp-content/uploads/2026/01/cover_front1-1-copy-r-1024x1024.png","https://glynnquelch.co.uk/wp-content/uploads/2026/01/D1-04-Public-Display-Of-Affection-Dirty-Little-Hands.mp3"
"rib tumbler","Afgan Ska Circus Music","Saggy Pants Compilation II","https://glynnquelch.co.uk/wp-content/uploads/2026/01/cover_front1-1-copy-r-1024x1024.png","https://glynnquelch.co.uk/wp-content/uploads/2026/01/D2-16-ribtumbler-afgan-ska-circus-music.mp3"
"Roof Attach","Attack-string","","","https://glynnquelch.co.uk/wp-content/uploads/2026/01/Roof-Attack-String.mp3"
"Roof Attach","Hand Down","","","https://glynnquelch.co.uk/wp-content/uploads/2026/01/Roof_Attack_-_Hand_Down.mp3"
"Roof Attach","Sphere","","","https://glynnquelch.co.uk/wp-content/uploads/2026/01/Roof_Attack_-_Sphere.mp3"
"Roof Attach","String","","","https://glynnquelch.co.uk/wp-content/uploads/2026/01/Roof_Attack_-_String.mp3"
"Roof Attach","To Me And You","","","https://glynnquelch.co.uk/wp-content/uploads/2026/01/Roof_Attack_-_To_Me_And_You.mp3"
"Roof Attach","To-me-and-you","","","https://glynnquelch.co.uk/wp-content/uploads/2026/01/Roof-Attack-To-Me-And-You.mp3"
"Roof Attach","Word Shadows","","","https://glynnquelch.co.uk/wp-content/uploads/2026/01/Roof_Attack_-_Word_Shadows.mp3"
"Running With Scissors","The Grey Man","Junktion 7 BOTB 2004 Compilation","","https://glynnquelch.co.uk/wp-content/uploads/2026/01/The-Grey-Man.mp3"
"Saggy Pants Podcast","Episode 4","","","https://glynnquelch.co.uk/wp-content/uploads/2026/01/pod4_96kbs.mp3"
"Sam J Ferris","9-finger-experiment","","https://glynnquelch.co.uk/wp-content/uploads/2004/02/Website-1-300x225.jpg","https://glynnquelch.co.uk/wp-content/uploads/2004/02/9-Finger-Experiment.mp3"
"Sam J Ferris","Broken Window","","https://glynnquelch.co.uk/wp-content/uploads/2004/02/Website-1-300x225.jpg","https://glynnquelch.co.uk/wp-content/uploads/2026/01/broken_window.mp3"
"Sam J Ferris","Finding My Way","","https://glynnquelch.co.uk/wp-content/uploads/2004/02/Website-1-300x225.jpg","https://glynnquelch.co.uk/wp-content/uploads/2004/02/sjf_-_finding_my_way.mp3"
"Sam J Ferris","In Progress","","https://glynnquelch.co.uk/wp-content/uploads/2004/02/Website-1-300x225.jpg","https://glynnquelch.co.uk/wp-content/uploads/2004/02/inprogress.mp3"
"Sam J Ferris","Positronic-mind","","https://glynnquelch.co.uk/wp-content/uploads/2004/02/Website-1-300x225.jpg","https://glynnquelch.co.uk/wp-content/uploads/2004/02/Positronic-Mind.mp3"
"Sam J Ferris","Subconsciously","","https://glynnquelch.co.uk/wp-content/uploads/2004/02/Website-1-300x225.jpg","https://glynnquelch.co.uk/wp-content/uploads/2004/02/Subconsciously.mp3"
"Seretone","Arguments","Saggy Pants Compilation II","https://glynnquelch.co.uk/wp-content/uploads/2026/01/cover_front1-1-copy-r-1024x1024.png","https://glynnquelch.co.uk/wp-content/uploads/2026/01/D1-05-Seretone-Arguments.mp3"
"Sevenstone","Who Is Fred Durst Anyway","Junktion 7 BOTB 2004 Compilation","","https://glynnquelch.co.uk/wp-content/uploads/2026/01/Who-Is-Fred-Durst-Anyway.mp3"
"Sibling","Girl From Blade Runner","Junktion 7 BOTB 2004 Compilation","","https://glynnquelch.co.uk/wp-content/uploads/2026/01/Girl-from-Blade-Runner.mp3"
"Sitting Still","A-name","","https://glynnquelch.co.uk/wp-content/uploads/2006/12/sittingstill-covera.jpg","https://glynnquelch.co.uk/wp-content/uploads/2006/12/02-A-Name.mp3"
"Sitting Still","Jims Song","","https://glynnquelch.co.uk/wp-content/uploads/2006/12/sittingstill-covera.jpg","https://glynnquelch.co.uk/wp-content/uploads/2026/01/audio-sitting-still-sitting-still-jims-song.mp3"
"Sitting Still","Pacified","","https://glynnquelch.co.uk/wp-content/uploads/2006/12/sittingstill-covera.jpg","https://glynnquelch.co.uk/wp-content/uploads/2006/12/01-Pacified.mp3"
"Something For Someone","Comrade","","","https://glynnquelch.co.uk/wp-content/uploads/2026/01/Comrade.mp3"
"spirytus","Life","Saggy Pants Compilation II","https://glynnquelch.co.uk/wp-content/uploads/2026/01/cover_front1-1-copy-r-1024x1024.png","https://glynnquelch.co.uk/wp-content/uploads/2026/01/D2-05-spirytus-Life.mp3"
"Starscreen","Angel-w-dirty-wings","","","https://glynnquelch.co.uk/wp-content/uploads/2026/01/Starscreen-Angel-w-dirty-wings.mp3"
"Starscreen","City-sleeps","","","https://glynnquelch.co.uk/wp-content/uploads/2026/01/Starscreen-City-Sleeps.mp3"
"Starscreen","Let-go","","","https://glynnquelch.co.uk/wp-content/uploads/2026/01/starscreen-let-go.mp3"
"Starscreen","Napalm-death","","","https://glynnquelch.co.uk/wp-content/uploads/2026/01/Starscreen-Napalm-Death.mp3"
"Starscreen","Pilot","Junktion 7 BOTB 2004 Compilation","","https://glynnquelch.co.uk/wp-content/uploads/2026/01/Pilot.mp3"
"Starscreen","Pulse","","","https://glynnquelch.co.uk/wp-content/uploads/2026/01/Starscreen-Pulse.mp3"
"Starscreen","The-fire","","","https://glynnquelch.co.uk/wp-content/uploads/2026/01/starscreen-The-fire.mp3"
"Switch","(unknown)","Junktion 7 BOTB 2004 Compilation","","https://glynnquelch.co.uk/wp-content/uploads/2026/01/Unkown.mp3"
"Swound","Creeping On The Ceiling","","","https://glynnquelch.co.uk/wp-content/uploads/2005/01/Creeping-On-The-Ceiling.mp3"
"Swound","Hopeless","","","https://glynnquelch.co.uk/wp-content/uploads/2005/01/Hopeless.mp3"
"Swound","Lost In Space","","","https://glynnquelch.co.uk/wp-content/uploads/2005/01/Lost-in-Space.mp3"
"Swound","Love In The Jungle","","","https://glynnquelch.co.uk/wp-content/uploads/2005/01/Love-In-The-Jungle.mp3"
"Swound","Spasticate","","","https://glynnquelch.co.uk/wp-content/uploads/2005/01/Spasticate.mp3"
"Swound","The Killing Fist","","","https://glynnquelch.co.uk/wp-content/uploads/2005/01/The-Killing-fist.mp3"
"Swound","The Killing Fist Live","","","https://glynnquelch.co.uk/wp-content/uploads/2005/01/the-killing-fist-live.mp3"
"Swound","The Pumpkin King","","","https://glynnquelch.co.uk/wp-content/uploads/2005/01/The-Pumpkin-King.mp3"
"Swound","Winning Smile","","","https://glynnquelch.co.uk/wp-content/uploads/2026/01/Winnig-Smile.mp3"
"Tarpot","The Ballad Of Todd Parker","Junktion 7 BOTB 2004 Compilation","","https://glynnquelch.co.uk/wp-content/uploads/2026/01/The-Ballad-Of-Todd-Parker.mp3"
"Team Hughes","Flying Ego","Saggy Pants Compilation II","https://glynnquelch.co.uk/wp-content/uploads/2026/01/cover_front1-1-copy-r-1024x1024.png","https://glynnquelch.co.uk/wp-content/uploads/2026/01/D1-11-Team-Hughes-Flying-Ego.mp3"
"Terrestrials","Could Be Worse","","https://glynnquelch.co.uk/wp-content/uploads/2026/01/terrestrialscover.jpg","https://glynnquelch.co.uk/wp-content/uploads/2026/01/trerrestrials-couldbewor.mp3"
"The Aran Route","The Lines","","https://glynnquelch.co.uk/wp-content/uploads/2026/01/cd-the_aran_route_-_nasty_side_of_your_nice-00.jpg","https://glynnquelch.co.uk/wp-content/uploads/2026/01/audio-the_aran_route-the-lines.mp3"
"The Authentics","Circle","Junktion 7 BOTB 2004 Compilation","","https://glynnquelch.co.uk/wp-content/uploads/2026/01/Circle.mp3"
"The Dangerous Third","Hungry For Love","Junktion 7 BOTB 2004 Compilation","","https://glynnquelch.co.uk/wp-content/uploads/2026/01/Hungry-For-Love.mp3"
"The Dust Bunnies","Twist Of Fate","Saggy Pants Compilation II","https://glynnquelch.co.uk/wp-content/uploads/2026/01/cover_front1-1-copy-r-1024x1024.png","https://glynnquelch.co.uk/wp-content/uploads/2026/01/D1-15-The-Dust-Bunnies-Twist-Of-Fate.mp3"
"The Legion of Doom","Antediluvian Motherfucker","","","https://glynnquelch.co.uk/wp-content/uploads/2026/01/01-Antediluvian-Motherfucker.mp3"
"The Rockitts","Retro Crush","Junktion 7 BOTB 2004 Compilation","","https://glynnquelch.co.uk/wp-content/uploads/2026/01/Retro-Crush.mp3"
"The Silver Tongues","Already Over","","","https://glynnquelch.co.uk/wp-content/uploads/2026/01/Already-Over.mp3"
"The Silver Tongues","Already Over","","","https://glynnquelch.co.uk/wp-content/uploads/2026/01/Already-Over-1.mp3"
"The Starrlings","I Knew Youd Come","","https://glynnquelch.co.uk/wp-content/uploads/2006/12/starrlings_ep_a_cover.jpg","https://glynnquelch.co.uk/wp-content/uploads/2006/12/I-Knew-Youd-Come.mp3"
"The Starrlings","Ive Got A Mother Too","","https://glynnquelch.co.uk/wp-content/uploads/2006/12/starrlings_ep_a_cover.jpg","https://glynnquelch.co.uk/wp-content/uploads/2006/12/Ive-Got-A-Mother-Too.mp3"
"The Starrlings","Look Through Me","","https://glynnquelch.co.uk/wp-content/uploads/2006/12/starrlings_ep_a_cover.jpg","https://glynnquelch.co.uk/wp-content/uploads/2026/01/audio-the_starrlings-look-through-me.mp3"
"The Starrlings","Love Is A Curious Thing","","https://glynnquelch.co.uk/wp-content/uploads/2006/12/starrlings_ep_a_cover.jpg","https://glynnquelch.co.uk/wp-content/uploads/2006/12/Love-Is-A-Curious-Thing.mp3"
"The Starrlings","New York","","https://glynnquelch.co.uk/wp-content/uploads/2006/12/starrlings_ep_a_cover.jpg","https://glynnquelch.co.uk/wp-content/uploads/2006/12/New-York.mp3"
"The Starrlings","That Girl","","https://glynnquelch.co.uk/wp-content/uploads/2006/12/starrlings_ep_a_cover.jpg","https://glynnquelch.co.uk/wp-content/uploads/2006/12/That-Girl.mp3"
"The Vapours","Stungun","Junktion 7 BOTB 2004 Compilation","","https://glynnquelch.co.uk/wp-content/uploads/2026/01/Stungun.mp3"
"Thisisthewaytheworldends","Bonus Track","","https://glynnquelch.co.uk/wp-content/uploads/2026/01/cd-titwtwe-noexitnogoodbye-00.jpg","https://glynnquelch.co.uk/wp-content/uploads/2026/01/05-bonus-track.mp3"
"Thisisthewaytheworldends","Fritz","","https://glynnquelch.co.uk/wp-content/uploads/2026/01/cd-titwtwe-noexitnogoodbye-00.jpg","https://glynnquelch.co.uk/wp-content/uploads/2026/01/03-Fritz.mp3"
"Thisisthewaytheworldends","Living By Numbers","","https://glynnquelch.co.uk/wp-content/uploads/2026/01/cd-titwtwe-noexitnogoodbye-00.jpg","https://glynnquelch.co.uk/wp-content/uploads/2026/01/Living-By-Numbers.mp3"
"Thisisthewaytheworldends","Opuiella","","https://glynnquelch.co.uk/wp-content/uploads/2026/01/cd-titwtwe-noexitnogoodbye-00.jpg","https://glynnquelch.co.uk/wp-content/uploads/2026/01/Opuiella.mp3"
"Thisisthewaytheworldends","Sci Fi Symphony","","https://glynnquelch.co.uk/wp-content/uploads/2026/01/cd-titwtwe-noexitnogoodbye-00.jpg","https://glynnquelch.co.uk/wp-content/uploads/2026/01/Sci-Fi-Symphony.mp3"
"Thisisthewaytheworldends","Serotonin","","https://glynnquelch.co.uk/wp-content/uploads/2026/01/cd-titwtwe-noexitnogoodbye-00.jpg","https://glynnquelch.co.uk/wp-content/uploads/2026/01/04-Serotonin.mp3"
"Thisisthewaytheworldends","Theme From Astuma","","https://glynnquelch.co.uk/wp-content/uploads/2026/01/cd-titwtwe-noexitnogoodbye-00.jpg","https://glynnquelch.co.uk/wp-content/uploads/2026/01/01-Theme-From-Astuma.mp3"
"Thisisthewaytheworldends","Vertigo","","https://glynnquelch.co.uk/wp-content/uploads/2026/01/cd-titwtwe-noexitnogoodbye-00.jpg","https://glynnquelch.co.uk/wp-content/uploads/2026/01/02-Vertigo.mp3"
"To Die For","War Of Nerves","Saggy Pants Compilation II","https://glynnquelch.co.uk/wp-content/uploads/2026/01/cover_front1-1-copy-r-1024x1024.png","https://glynnquelch.co.uk/wp-content/uploads/2026/01/D2-08-To-Die-For-War-Of-Nerves.mp3"
"Tolerance","Addict","","https://glynnquelch.co.uk/wp-content/uploads/2006/12/toleranceinside-copy-300x218.jpg","https://glynnquelch.co.uk/wp-content/uploads/2006/12/Addict.mp3"
"Tolerance","Always And Forver (rough Master)","","https://glynnquelch.co.uk/wp-content/uploads/2006/12/toleranceinside-copy-300x218.jpg","https://glynnquelch.co.uk/wp-content/uploads/2006/12/AlwaysandF.mp3"
"Tolerance","Cannon Ball","Saggy Pants Compilation II","https://glynnquelch.co.uk/wp-content/uploads/2026/01/cover_front1-1-copy-r-1024x1024.png","https://glynnquelch.co.uk/wp-content/uploads/2026/01/D1-13-Tolerance-Cannon-Ball2.mp3"
"Tolerance","Cannonball","","https://glynnquelch.co.uk/wp-content/uploads/2006/12/toleranceinside-copy-300x218.jpg","https://glynnquelch.co.uk/wp-content/uploads/2026/01/audio-tolerance-cannonball.mp3"
"Tolerance","In Da Club 0.2","","https://glynnquelch.co.uk/wp-content/uploads/2006/12/toleranceinside-copy-300x218.jpg","https://glynnquelch.co.uk/wp-content/uploads/2006/12/02-In-Da-Club-0.2.mp3.mp3"
"Tray Electric","Jump Jump Swim Swim Punch Punch","","https://glynnquelch.co.uk/wp-content/uploads/2006/12/rocket-copy.jpg","https://glynnquelch.co.uk/wp-content/uploads/2026/01/audio-tray_electric-jump-jump-swim-swim-punch-punch.mp3"
"Trippin Over Wah","Tokyo Joe","","https://glynnquelch.co.uk/wp-content/uploads/2026/01/audio-trippin_over_wah-00-300x300.gif","https://glynnquelch.co.uk/wp-content/uploads/2026/01/audio-trippin_over_wah-tokyo-joe.mp3"
"Twofold","Bricks","","","https://glynnquelch.co.uk/wp-content/uploads/2026/01/twofold-Bricks.mp3"
"Twofold","Cant-come-back","","","https://glynnquelch.co.uk/wp-content/uploads/2026/01/twofold-Cant-Come-Back.mp3"
"Twofold","Good-enough","","","https://glynnquelch.co.uk/wp-content/uploads/2026/01/twofold-Good-Enough.mp3"
"Twofold","Guildford","","","https://glynnquelch.co.uk/wp-content/uploads/2026/01/twofold-Guildford.mp3"
"Twofold","I-want-to-breathe","","","https://glynnquelch.co.uk/wp-content/uploads/2026/01/twofold-i-want-to-breathe.mp3"
"Twofold","In-between","","","https://glynnquelch.co.uk/wp-content/uploads/2026/01/twofold-in-between.mp3"
"Twofold","Stealing-your-eyes","","","https://glynnquelch.co.uk/wp-content/uploads/2026/01/twofold-stealing-your-eyes.mp3"
"Twofold","Unity-is-a-myth","","","https://glynnquelch.co.uk/wp-content/uploads/2026/01/twofold-unity-is-a-myth.mp3"
"Union Jackass","Crashed And Burned","","","https://glynnquelch.co.uk/wp-content/uploads/2026/01/Crashed_and_Burned.mp3"
"Union Jackass","Day Dreamer","","","https://glynnquelch.co.uk/wp-content/uploads/2026/01/Day_Dreamer.mp3"
"Union Jackass","Desert Rats-comentary","","","https://glynnquelch.co.uk/wp-content/uploads/2026/01/desert_rats-comentary.mp3"
"Union Jackass","Met On The Net","","","https://glynnquelch.co.uk/wp-content/uploads/2026/01/Met_on_the_net.mp3"
"Union Jackass","Remote Controller","","","https://glynnquelch.co.uk/wp-content/uploads/2026/01/remote_controller.mp3"
"Union Jackass","Thin Ice","","","https://glynnquelch.co.uk/wp-content/uploads/2026/01/thin_ice.mp3"
"Union Jackass","Waste Your Time With Me","","","https://glynnquelch.co.uk/wp-content/uploads/2026/01/Waste_Your_Time_With_Me.mp3"
"Unknown Demos","Cock?? – Short Fuse (cockshortfuse.wav)","","","https://glynnquelch.co.uk/wp-content/uploads/2026/01/cock-shortfuse.mp3"
"Unknown Demos","Cock?? – War (cockwar.wav)","","","https://glynnquelch.co.uk/wp-content/uploads/2026/01/cock-war.mp3"
"Unknown Demos","Feet First (feetfirst.mpe)","","","https://glynnquelch.co.uk/wp-content/uploads/2026/01/Feetfirst.mp3"
"Unknown Demos","Last Words (lastwords.mp3)","","","https://glynnquelch.co.uk/wp-content/uploads/2026/01/Lastwords.mp3"
"Unknown Demos","Mcd?  – War Against Peace (mcd 01 War Against Peace.mp3)","","","https://glynnquelch.co.uk/wp-content/uploads/2026/01/MCD_01_War_Against_Peace.mp3"
"Unknown Demos","Never Though It’d Be You (never Thought It’d Be You.mp3)","","","https://glynnquelch.co.uk/wp-content/uploads/2026/01/never_thought_itd_be_you.mp3"
"Urban Gypsy","Disco Call","Junktion 7 BOTB 2004 Compilation","","https://glynnquelch.co.uk/wp-content/uploads/2026/01/Disco-Call.mp3"
"Urban Nightmare","Bohemian Grove Intrudor","","https://glynnquelch.co.uk/wp-content/uploads/2026/01/bio-urban_nightmare-00.jpg","https://glynnquelch.co.uk/wp-content/uploads/2026/01/audio-urban_nightmare-bohemian-grove-intrudor.mp3"
"Vasquez","The Ballad Of The Reluctant Hero","","","https://glynnquelch.co.uk/wp-content/uploads/2026/01/audio-vasquez-the-ballad-of-the-reluctant-hero.mp3"
"Wagstaffe","4th July","","https://glynnquelch.co.uk/wp-content/uploads/2026/01/bio-wagstaffe-00.jpg","https://glynnquelch.co.uk/wp-content/uploads/2026/01/audio-wagstaffe-4th-july.mp3"
"Wagstaffe","Chasing The Sun","Junktion 7 BOTB 2004 Compilation","","https://glynnquelch.co.uk/wp-content/uploads/2026/01/Chasing-The-Sun.mp3"
"Wagstaffe","Diguises","","https://glynnquelch.co.uk/wp-content/uploads/2026/01/bio-wagstaffe-00.jpg","https://glynnquelch.co.uk/wp-content/uploads/2006/12/Diguises.mp3"
"Wagstaffe","Getaway","","https://glynnquelch.co.uk/wp-content/uploads/2026/01/bio-wagstaffe-00.jpg","https://glynnquelch.co.uk/wp-content/uploads/2006/12/Getaway.mp3"
"Wagstaffe","Out-of-reach","","https://glynnquelch.co.uk/wp-content/uploads/2026/01/bio-wagstaffe-00.jpg","https://glynnquelch.co.uk/wp-content/uploads/2006/12/Out-Of-Reach.mp3"
"Wagstaffe","You-do-it-all-the-time","","https://glynnquelch.co.uk/wp-content/uploads/2026/01/bio-wagstaffe-00.jpg","https://glynnquelch.co.uk/wp-content/uploads/2006/12/You-Do-It-All-The-Time.mp3"
"Weeble","Gumball","","https://glynnquelch.co.uk/wp-content/uploads/2006/12/weeble-when_i_say_go.jpg","https://glynnquelch.co.uk/wp-content/uploads/2004/02/weeble_-_gumball.mp3"
"Weeble","Hooked Up","Junktion 7 BOTB 2004 Compilation","","https://glynnquelch.co.uk/wp-content/uploads/2026/01/Hooked-Up.mp3"
"Weeble","Ska Boom","","https://glynnquelch.co.uk/wp-content/uploads/2006/12/weeble-when_i_say_go.jpg","https://glynnquelch.co.uk/wp-content/uploads/2026/01/audio-weeble-ska-boom.mp3"
"Winng By Default","Winning By Default And I Know","","https://glynnquelch.co.uk/wp-content/uploads/2006/12/winning_by_default-forever_in_a_day-300x300.jpg","https://glynnquelch.co.uk/wp-content/uploads/2026/01/audio-winng_by_default-winning-by-default-and-i-know.mp3"
"Without Eyes","Gold-dust","","https://glynnquelch.co.uk/wp-content/uploads/2006/12/without_eyes_logo_mp3-300x300.jpg","https://glynnquelch.co.uk/wp-content/uploads/2006/12/Gold-Dust.mp3"
"Without Eyes","Mizaru","Saggy Pants Compilation II","https://glynnquelch.co.uk/wp-content/uploads/2026/01/cover_front1-1-copy-r-1024x1024.png","https://glynnquelch.co.uk/wp-content/uploads/2026/01/D1-14-Without-Eyes-Mizaru.mp3"
"Without Eyes","Nocturnal","","https://glynnquelch.co.uk/wp-content/uploads/2006/12/without_eyes_logo_mp3-300x300.jpg","https://glynnquelch.co.uk/wp-content/uploads/2006/12/Nocturnal.mp3"
"Without Eyes","Phoenix","","https://glynnquelch.co.uk/wp-content/uploads/2006/12/without_eyes_logo_mp3-300x300.jpg","https://glynnquelch.co.uk/wp-content/uploads/2026/01/audio-without_eyes-phoenix.mp3"
"Yes My Ninjas","Atm","","https://glynnquelch.co.uk/wp-content/uploads/2026/01/audio-yes_my_ninjas-00-300x300.jpg","https://glynnquelch.co.uk/wp-content/uploads/2006/12/atm.mp3"
"Yes My Ninjas","In Ze Flesh","","https://glynnquelch.co.uk/wp-content/uploads/2026/01/audio-yes_my_ninjas-00-300x300.jpg","https://glynnquelch.co.uk/wp-content/uploads/2026/01/audio-yes_my_ninjas-in-ze-flesh.mp3"
"Yes My Ninjas","Learn The Words","Saggy Pants Compilation II","https://glynnquelch.co.uk/wp-content/uploads/2026/01/cover_front1-1-copy-r-1024x1024.png","https://glynnquelch.co.uk/wp-content/uploads/2026/01/D1-01-Yes-My-Ninjas-Learn-The-Words.mp3"
"Yes My Ninjas","Learn The Words","","https://glynnquelch.co.uk/wp-content/uploads/2026/01/audio-yes_my_ninjas-00-300x300.jpg","https://glynnquelch.co.uk/wp-content/uploads/2026/01/D1-01-Yes-My-Ninjas-Learn-The-Words.mp3"
"Yoghurt Bombers","Stormy Weather","Saggy Pants Compilation II","https://glynnquelch.co.uk/wp-content/uploads/2026/01/cover_front1-1-copy-r-1024x1024.png","https://glynnquelch.co.uk/wp-content/uploads/2026/01/D1-09-Yoghurt-Bombers-Stormy-Weather.mp3"
"Yvonne Lake","A Private Joke","","","https://glynnquelch.co.uk/wp-content/uploads/2026/01/audio-yvonne_lake-a-private-joke.mp3"
"Yvonne Lake","Either: Like A Son Or The Quiet","","","https://glynnquelch.co.uk/wp-content/uploads/2006/12/The-Quiet-.mp3"
"Yvonne Lake","Landscapes Of You","","","https://glynnquelch.co.uk/wp-content/uploads/2026/01/audio-yvonne_lake-landscapes-of-you.mp3"
"Yvonne Lake","Lullaby","","","https://glynnquelch.co.uk/wp-content/uploads/2006/12/Lullaby.mp3"
"Yvonne Lake","Music-box","","","https://glynnquelch.co.uk/wp-content/uploads/2006/12/Music-Box.mp3"
"Yvonne Lake","Send A Postcard","","","https://glynnquelch.co.uk/wp-content/uploads/2026/01/audio-yvonne_lake-send-a-postcard.mp3"
"Zealous","Morning-missed","","","https://glynnquelch.co.uk/wp-content/uploads/2026/01/zealous-morning-missed.mp3"
"Zenith","Bleed For You","Saggy Pants Compilation II","https://glynnquelch.co.uk/wp-content/uploads/2026/01/cover_front1-1-copy-r-1024x1024.png","https://glynnquelch.co.uk/wp-content/uploads/2026/01/D1-07-Zenith-bleed-for-you.mp3"